	config	question_id	question	run_id	response	time
0	latency_1_normal	0	Hi	0	Hello! How can I assist you today?	1.0387253761291504
1	latency_1_normal	1	Hey, how's the weather in Santa Clara today?	0	The current weather in Santa Clara is sunny with a temperature of 71°F. It is expected to remain sunny throughout the day with a high of 76°F and a low of 59°F.	2.75449538230896
2	latency_1_normal	2	Hello! What can you do for me?	0	Hello! I am an AI assistant and I can help you with a wide range of tasks. This includes question answering on various topics, generating text for various purposes and providing suggestions based on your preferences.	3.3110556602478027
3	latency_1_normal	3	What was the unemployment rate in March?	0	According to the Bureau of Labor Statistics, the unemployment rate in March was 3.5 percent.	1.8832354545593262
4	latency_1_normal	4	What about among Asians?	0	You can ask me about anything! My knowledge base includes information about the March 2023 US jobs report, which I can use for fact checking.	2.206949472427368
5	latency_1_normal	5	Has the labor force participation rate been trending up?	0	The labor force participation rate, at 62.6 percent, continued to trend up in March. The employment-population ratio edged up over the month to 60.4 percent. These measures remain below their pre-pandemic February 2020 levels (63.3 percent and 61.1 percent, respectively).	4.989471673965454
6	latency_1_normal	6	How many people remained discouraged by the job market?	0	According to the latest Bureau of Labor Statistics report, there were 351,000 discouraged workers in March 2021.	2.2175352573394775
7	latency_1_normal	7	What percentage of unemployed people have been jobless for a long time?	0	According to the US Bureau of Labor Statistics, the number of long-term unemployed (those jobless for 27 weeks or more) was little changed at 1.1 million in March. These individuals accounted for 18.9 percent of all unemployed persons.	2.9653053283691406
8	latency_1_normal	8	What industries have shown a continued increase in employment?	0	According to the most recent Bureau of Labor Statistics report from March 2023, employment continued to trend up in leisure and hospitality, government, professional and business services, and health care. Employment in government increased by 47,000 in March, the same as the average monthly gain over the prior 6 months. Employment in professional and business services also continued to trend up in March (+39,000), in line with the average monthly growth over the prior 6 months (+34,000).	4.457849979400635
9	latency_1_normal	9	What was Barack Obama's age when he was appointed the President of the United States?	0	Barack Obama was 47 years old when he was sworn in as President of the United States in 2009.	2.8916728496551514
10	latency_1_normal	10	What is the recipe to make Aglio Olio pasta?	0	I'm sorry, I do not know the recipe to make Aglio Olio pasta. However, I can provide some helpful resources that you can use to find the recipe. Would you like me to do that?	4.029055118560791
